Feature,Importance
Operating_Hours,0.5120969305553758
Temperature,0.14141661555260016
Equipment_Type,0.12214049963761056
Vibration,0.11558968390623345
Pressure,0.10875627034818021
